Year,Month,County,Registration type,Engine type,Car registration count
2008,January,Galway,New Irish Registrations,Non electric,"1,947"
2008,February,Galway,New Irish Registrations,Non electric,"1,000"
2008,March,Galway,New Irish Registrations,Non electric,927
2008,April,Galway,New Irish Registrations,Non electric,495
2008,May,Galway,New Irish Registrations,Non electric,343
2008,June,Galway,New Irish Registrations,Non electric,282
2008,July,Galway,New Irish Registrations,Non electric,620
2008,August,Galway,New Irish Registrations,Non electric,225
2008,September,Galway,New Irish Registrations,Non electric,151
2008,October,Galway,New Irish Registrations,Non electric,79
2008,November,Galway,New Irish Registrations,Non electric,20
2008,December,Galway,New Irish Registrations,Non electric,1
2008,January,Galway,New Imports,Non electric,12
2008,February,Galway,New Imports,Non electric,4
2008,March,Galway,New Imports,Non electric,9
2008,April,Galway,New Imports,Non electric,3
2008,May,Galway,New Imports,Non electric,7
2008,June,Galway,New Imports,Non electric,5
2008,July,Galway,New Imports,Non electric,3
2008,August,Galway,New Imports,Non electric,1
2008,November,Galway,New Imports,Non electric,3
2008,December,Galway,New Imports,Non electric,1
2008,January,Galway,Used Imports,Non electric,341
2008,February,Galway,Used Imports,Non electric,363
2008,March,Galway,Used Imports,Non electric,346
2008,April,Galway,Used Imports,Non electric,347
2008,May,Galway,Used Imports,Non electric,365
2008,June,Galway,Used Imports,Non electric,430
2008,July,Galway,Used Imports,Non electric,532
2008,August,Galway,Used Imports,Non electric,292
2008,September,Galway,Used Imports,Non electric,336
2008,October,Galway,Used Imports,Non electric,369
2008,November,Galway,Used Imports,Non electric,265
2008,December,Galway,Used Imports,Non electric,159
2008,February,Galway,New Imports,Electric,1
2008,March,Galway,New Imports,Electric,1
2008,June,Galway,New Imports,Electric,1
2008,January,Galway,New Irish Registrations,Hybrid,14
2008,February,Galway,New Irish Registrations,Hybrid,14
2008,March,Galway,New Irish Registrations,Hybrid,5
2008,April,Galway,New Irish Registrations,Hybrid,3
2008,May,Galway,New Irish Registrations,Hybrid,9
2008,June,Galway,New Irish Registrations,Hybrid,4
2008,July,Galway,New Irish Registrations,Hybrid,7
2008,August,Galway,New Irish Registrations,Hybrid,3
2008,September,Galway,New Irish Registrations,Hybrid,3
2008,October,Galway,New Irish Registrations,Hybrid,1
2008,July,Galway,New Imports,Hybrid,1
2008,September,Galway,New Imports,Hybrid,2
2008,January,Galway,Used Imports,Hybrid,1
2008,April,Galway,Used Imports,Hybrid,2
2008,May,Galway,Used Imports,Hybrid,1
2008,June,Galway,Used Imports,Hybrid,2
2008,July,Galway,Used Imports,Hybrid,2
2008,August,Galway,Used Imports,Hybrid,4
2008,November,Galway,Used Imports,Hybrid,1
2008,January,Leitrim,New Irish Registrations,Non electric,220
2008,February,Leitrim,New Irish Registrations,Non electric,110
2008,March,Leitrim,New Irish Registrations,Non electric,86
2008,April,Leitrim,New Irish Registrations,Non electric,62
2008,May,Leitrim,New Irish Registrations,Non electric,35
2008,June,Leitrim,New Irish Registrations,Non electric,21
2008,July,Leitrim,New Irish Registrations,Non electric,72
2008,August,Leitrim,New Irish Registrations,Non electric,26
2008,September,Leitrim,New Irish Registrations,Non electric,18
2008,October,Leitrim,New Irish Registrations,Non electric,5
2008,November,Leitrim,New Irish Registrations,Non electric,5
2008,January,Leitrim,New Imports,Non electric,4
2008,February,Leitrim,New Imports,Non electric,1
2008,April,Leitrim,New Imports,Non electric,1
2008,May,Leitrim,New Imports,Non electric,3
2008,June,Leitrim,New Imports,Non electric,1
2008,July,Leitrim,New Imports,Non electric,3
2008,August,Leitrim,New Imports,Non electric,1
2008,September,Leitrim,New Imports,Non electric,3
2008,October,Leitrim,New Imports,Non electric,1
2008,November,Leitrim,New Imports,Non electric,1
2008,January,Leitrim,Used Imports,Non electric,51
2008,February,Leitrim,Used Imports,Non electric,62
2008,March,Leitrim,Used Imports,Non electric,61
2008,April,Leitrim,Used Imports,Non electric,58
2008,May,Leitrim,Used Imports,Non electric,43
2008,June,Leitrim,Used Imports,Non electric,75
2008,July,Leitrim,Used Imports,Non electric,83
2008,August,Leitrim,Used Imports,Non electric,57
2008,September,Leitrim,Used Imports,Non electric,65
2008,October,Leitrim,Used Imports,Non electric,54
2008,November,Leitrim,Used Imports,Non electric,42
2008,December,Leitrim,Used Imports,Non electric,34
2008,April,Leitrim,New Irish Registrations,Hybrid,1
2008,January,Mayo,New Irish Registrations,Non electric,"1,041"
2008,February,Mayo,New Irish Registrations,Non electric,473
2008,March,Mayo,New Irish Registrations,Non electric,427
2008,April,Mayo,New Irish Registrations,Non electric,230
2008,May,Mayo,New Irish Registrations,Non electric,199
2008,June,Mayo,New Irish Registrations,Non electric,123
2008,July,Mayo,New Irish Registrations,Non electric,282
2008,August,Mayo,New Irish Registrations,Non electric,88
2008,September,Mayo,New Irish Registrations,Non electric,56
2008,October,Mayo,New Irish Registrations,Non electric,32
2008,November,Mayo,New Irish Registrations,Non electric,8
2008,December,Mayo,New Irish Registrations,Non electric,3
2008,January,Mayo,New Imports,Non electric,9
2008,February,Mayo,New Imports,Non electric,3
2008,March,Mayo,New Imports,Non electric,6
2008,April,Mayo,New Imports,Non electric,4
2008,May,Mayo,New Imports,Non electric,1
2008,June,Mayo,New Imports,Non electric,5
2008,July,Mayo,New Imports,Non electric,4
2008,August,Mayo,New Imports,Non electric,4
2008,September,Mayo,New Imports,Non electric,3
2008,October,Mayo,New Imports,Non electric,2
2008,November,Mayo,New Imports,Non electric,1
2008,December,Mayo,New Imports,Non electric,1
2008,January,Mayo,Used Imports,Non electric,191
2008,February,Mayo,Used Imports,Non electric,183
2008,March,Mayo,Used Imports,Non electric,157
2008,April,Mayo,Used Imports,Non electric,217
2008,May,Mayo,Used Imports,Non electric,220
2008,June,Mayo,Used Imports,Non electric,236
2008,July,Mayo,Used Imports,Non electric,302
2008,August,Mayo,Used Imports,Non electric,200
2008,September,Mayo,Used Imports,Non electric,231
2008,October,Mayo,Used Imports,Non electric,171
2008,November,Mayo,Used Imports,Non electric,149
2008,December,Mayo,Used Imports,Non electric,118
2008,January,Mayo,New Imports,Hybrid,2
2008,February,Mayo,New Imports,Hybrid,2
2008,March,Mayo,New Imports,Hybrid,3
2008,April,Mayo,New Imports,Hybrid,2
2008,May,Mayo,New Imports,Hybrid,1
2008,July,Mayo,New Imports,Hybrid,2
2008,August,Mayo,New Imports,Hybrid,1
2008,October,Mayo,New Imports,Hybrid,1
2008,September,Mayo,Used Imports,Hybrid,1
2008,October,Mayo,Used Imports,Hybrid,1
2008,January,Roscommon,New Irish Registrations,Non electric,619
2008,February,Roscommon,New Irish Registrations,Non electric,317
2008,March,Roscommon,New Irish Registrations,Non electric,265
2008,April,Roscommon,New Irish Registrations,Non electric,148
2008,May,Roscommon,New Irish Registrations,Non electric,101
2008,June,Roscommon,New Irish Registrations,Non electric,74
2008,July,Roscommon,New Irish Registrations,Non electric,187
2008,August,Roscommon,New Irish Registrations,Non electric,45
2008,September,Roscommon,New Irish Registrations,Non electric,27
2008,October,Roscommon,New Irish Registrations,Non electric,10
2008,November,Roscommon,New Irish Registrations,Non electric,4
2008,December,Roscommon,New Irish Registrations,Non electric,3
2008,January,Roscommon,New Imports,Non electric,4
2008,February,Roscommon,New Imports,Non electric,3
2008,March,Roscommon,New Imports,Non electric,1
2008,April,Roscommon,New Imports,Non electric,4
2008,May,Roscommon,New Imports,Non electric,2
2008,June,Roscommon,New Imports,Non electric,3
2008,July,Roscommon,New Imports,Non electric,1
2008,August,Roscommon,New Imports,Non electric,2
2008,December,Roscommon,New Imports,Non electric,1
2008,January,Roscommon,Used Imports,Non electric,67
2008,February,Roscommon,Used Imports,Non electric,80
2008,March,Roscommon,Used Imports,Non electric,65
2008,April,Roscommon,Used Imports,Non electric,80
2008,May,Roscommon,Used Imports,Non electric,60
2008,June,Roscommon,Used Imports,Non electric,97
2008,July,Roscommon,Used Imports,Non electric,125
2008,August,Roscommon,Used Imports,Non electric,61
2008,September,Roscommon,Used Imports,Non electric,77
2008,October,Roscommon,Used Imports,Non electric,81
2008,November,Roscommon,Used Imports,Non electric,57
2008,December,Roscommon,Used Imports,Non electric,41
2008,January,Roscommon,New Irish Registrations,Hybrid,2
2008,February,Roscommon,New Irish Registrations,Hybrid,2
2008,March,Roscommon,New Irish Registrations,Hybrid,2
2008,May,Roscommon,New Irish Registrations,Hybrid,2
2008,June,Roscommon,New Irish Registrations,Hybrid,1
2008,July,Roscommon,New Irish Registrations,Hybrid,7
2008,September,Roscommon,New Irish Registrations,Hybrid,1
2008,October,Roscommon,Used Imports,Hybrid,1
2008,January,Sligo,New Irish Registrations,Non electric,533
2008,February,Sligo,New Irish Registrations,Non electric,266
2008,March,Sligo,New Irish Registrations,Non electric,242
2008,April,Sligo,New Irish Registrations,Non electric,158
2008,May,Sligo,New Irish Registrations,Non electric,103
2008,June,Sligo,New Irish Registrations,Non electric,56
2008,July,Sligo,New Irish Registrations,Non electric,172
2008,August,Sligo,New Irish Registrations,Non electric,50
2008,September,Sligo,New Irish Registrations,Non electric,32
2008,October,Sligo,New Irish Registrations,Non electric,14
2008,November,Sligo,New Irish Registrations,Non electric,5
2008,January,Sligo,New Imports,Non electric,3
2008,February,Sligo,New Imports,Non electric,6
2008,March,Sligo,New Imports,Non electric,2
2008,April,Sligo,New Imports,Non electric,3
2008,May,Sligo,New Imports,Non electric,3
2008,June,Sligo,New Imports,Non electric,3
2008,July,Sligo,New Imports,Non electric,6
2008,August,Sligo,New Imports,Non electric,1
2008,September,Sligo,New Imports,Non electric,1
2008,October,Sligo,New Imports,Non electric,1
2008,November,Sligo,New Imports,Non electric,2
2008,December,Sligo,New Imports,Non electric,1
2008,January,Sligo,Used Imports,Non electric,75
2008,February,Sligo,Used Imports,Non electric,79
2008,March,Sligo,Used Imports,Non electric,76
2008,April,Sligo,Used Imports,Non electric,90
2008,May,Sligo,Used Imports,Non electric,88
2008,June,Sligo,Used Imports,Non electric,135
2008,July,Sligo,Used Imports,Non electric,140
2008,August,Sligo,Used Imports,Non electric,86
2008,September,Sligo,Used Imports,Non electric,93
2008,October,Sligo,Used Imports,Non electric,81
2008,November,Sligo,Used Imports,Non electric,63
2008,December,Sligo,Used Imports,Non electric,39
2008,January,Sligo,New Irish Registrations,Hybrid,4
2008,February,Sligo,New Irish Registrations,Hybrid,1
2008,March,Sligo,New Irish Registrations,Hybrid,1
2008,July,Sligo,New Irish Registrations,Hybrid,2
2008,August,Sligo,New Irish Registrations,Hybrid,3
2008,November,Sligo,New Imports,Hybrid,1
2008,October,Sligo,Used Imports,Hybrid,1
2008,January,Carlow,New Irish Registrations,Non electric,645
2008,February,Carlow,New Irish Registrations,Non electric,313
2008,March,Carlow,New Irish Registrations,Non electric,275
2008,April,Carlow,New Irish Registrations,Non electric,152
2008,May,Carlow,New Irish Registrations,Non electric,96
2008,June,Carlow,New Irish Registrations,Non electric,63
2008,July,Carlow,New Irish Registrations,Non electric,186
2008,August,Carlow,New Irish Registrations,Non electric,53
2008,September,Carlow,New Irish Registrations,Non electric,36
2008,October,Carlow,New Irish Registrations,Non electric,12
2008,November,Carlow,New Irish Registrations,Non electric,5
2008,December,Carlow,New Irish Registrations,Non electric,1
2008,January,Carlow,New Imports,Non electric,6
2008,February,Carlow,New Imports,Non electric,3
2008,March,Carlow,New Imports,Non electric,2
2008,April,Carlow,New Imports,Non electric,2
2008,May,Carlow,New Imports,Non electric,3
2008,June,Carlow,New Imports,Non electric,1
2008,July,Carlow,New Imports,Non electric,4
2008,August,Carlow,New Imports,Non electric,3
2008,October,Carlow,New Imports,Non electric,2
2008,December,Carlow,New Imports,Non electric,1
2008,January,Carlow,Used Imports,Non electric,70
2008,February,Carlow,Used Imports,Non electric,75
2008,March,Carlow,Used Imports,Non electric,39
2008,April,Carlow,Used Imports,Non electric,70
2008,May,Carlow,Used Imports,Non electric,57
2008,June,Carlow,Used Imports,Non electric,83
2008,July,Carlow,Used Imports,Non electric,89
2008,August,Carlow,Used Imports,Non electric,62
2008,September,Carlow,Used Imports,Non electric,64
2008,October,Carlow,Used Imports,Non electric,70
2008,November,Carlow,Used Imports,Non electric,50
2008,December,Carlow,Used Imports,Non electric,43
2008,January,Carlow,New Irish Registrations,Hybrid,2
2008,February,Carlow,New Irish Registrations,Hybrid,1
2008,April,Carlow,New Irish Registrations,Hybrid,1
2008,June,Carlow,New Irish Registrations,Hybrid,1
2008,April,Dublin,New Irish Registrations,Non electric,"5,179"
2008,May,Dublin,New Irish Registrations,Non electric,"4,181"
2008,June,Dublin,New Irish Registrations,Non electric,"3,685"
2008,July,Dublin,New Irish Registrations,Non electric,"6,314"
2008,August,Dublin,New Irish Registrations,Non electric,"2,108"
2008,September,Dublin,New Irish Registrations,Non electric,"1,491"
2008,October,Dublin,New Irish Registrations,Non electric,852
2008,November,Dublin,New Irish Registrations,Non electric,350
2008,December,Dublin,New Irish Registrations,Non electric,116
2008,January,Dublin,New Imports,Non electric,114
2008,February,Dublin,New Imports,Non electric,87
2008,March,Dublin,New Imports,Non electric,63
2008,April,Dublin,New Imports,Non electric,82
2008,May,Dublin,New Imports,Non electric,62
2008,June,Dublin,New Imports,Non electric,60
2008,July,Dublin,New Imports,Non electric,46
2008,August,Dublin,New Imports,Non electric,33
2008,September,Dublin,New Imports,Non electric,32
2008,October,Dublin,New Imports,Non electric,14
2008,November,Dublin,New Imports,Non electric,20
2008,December,Dublin,New Imports,Non electric,8
2008,January,Dublin,Used Imports,Non electric,"1,321"
2008,February,Dublin,Used Imports,Non electric,"1,462"
2008,March,Dublin,Used Imports,Non electric,"1,297"
2008,April,Dublin,Used Imports,Non electric,"1,532"
2008,May,Dublin,Used Imports,Non electric,"1,472"
2008,June,Dublin,Used Imports,Non electric,"2,237"
2008,July,Dublin,Used Imports,Non electric,"1,478"
2008,August,Dublin,Used Imports,Non electric,"1,089"
2008,September,Dublin,Used Imports,Non electric,"1,197"
2008,October,Dublin,Used Imports,Non electric,"1,106"
2008,November,Dublin,Used Imports,Non electric,951
2008,December,Dublin,Used Imports,Non electric,651
2008,January,Dublin,New Imports,Electric,2
2008,February,Dublin,Used Imports,Electric,1
2008,August,Dublin,Used Imports,Electric,1
2008,September,Dublin,Used Imports,Electric,1
2008,January,Dublin,New Irish Registrations,Hybrid,130
2008,February,Dublin,New Irish Registrations,Hybrid,65
2008,March,Dublin,New Irish Registrations,Hybrid,68
2008,April,Dublin,New Irish Registrations,Hybrid,62
2008,May,Dublin,New Irish Registrations,Hybrid,29
2008,June,Dublin,New Irish Registrations,Hybrid,39
2008,July,Dublin,New Irish Registrations,Hybrid,80
2008,August,Dublin,New Irish Registrations,Hybrid,23
2008,September,Dublin,New Irish Registrations,Hybrid,12
2008,October,Dublin,New Irish Registrations,Hybrid,11
2008,November,Dublin,New Irish Registrations,Hybrid,4
2008,September,Dublin,New Imports,Hybrid,6
2008,January,Dublin,Used Imports,Hybrid,4
2008,February,Dublin,Used Imports,Hybrid,5
2008,March,Dublin,Used Imports,Hybrid,8
2008,April,Dublin,Used Imports,Hybrid,11
2008,May,Dublin,Used Imports,Hybrid,11
2008,June,Dublin,Used Imports,Hybrid,11
2008,July,Dublin,Used Imports,Hybrid,14
2008,August,Dublin,Used Imports,Hybrid,8
2008,September,Dublin,Used Imports,Hybrid,4
2008,October,Dublin,Used Imports,Hybrid,3
2008,November,Dublin,Used Imports,Hybrid,5
2008,December,Dublin,Used Imports,Hybrid,4
2008,January,Kildare,New Irish Registrations,Non electric,"2,297"
2008,February,Kildare,New Irish Registrations,Non electric,"1,010"
2008,March,Kildare,New Irish Registrations,Non electric,836
2008,April,Kildare,New Irish Registrations,Non electric,583
2008,May,Kildare,New Irish Registrations,Non electric,426
2008,June,Kildare,New Irish Registrations,Non electric,242
2008,July,Kildare,New Irish Registrations,Non electric,691
2008,August,Kildare,New Irish Registrations,Non electric,210
2008,September,Kildare,New Irish Registrations,Non electric,159
2008,October,Kildare,New Irish Registrations,Non electric,72
2008,November,Kildare,New Irish Registrations,Non electric,22
2008,December,Kildare,New Irish Registrations,Non electric,2
2008,January,Kildare,New Imports,Non electric,11
2008,February,Kildare,New Imports,Non electric,9
2008,March,Kildare,New Imports,Non electric,12
2008,April,Kildare,New Imports,Non electric,12
2008,May,Kildare,New Imports,Non electric,4
2008,June,Kildare,New Imports,Non electric,5
2008,July,Kildare,New Imports,Non electric,6
2008,August,Kildare,New Imports,Non electric,5
2008,September,Kildare,New Imports,Non electric,3
2008,October,Kildare,New Imports,Non electric,3
2008,November,Kildare,New Imports,Non electric,3
2008,December,Kildare,New Imports,Non electric,1
2008,January,Kildare,Used Imports,Non electric,239
2008,February,Kildare,Used Imports,Non electric,219
2008,March,Kildare,Used Imports,Non electric,186
2008,April,Kildare,Used Imports,Non electric,249
2008,May,Kildare,Used Imports,Non electric,199
2008,June,Kildare,Used Imports,Non electric,265
2008,July,Kildare,Used Imports,Non electric,270
2008,August,Kildare,Used Imports,Non electric,179
2008,September,Kildare,Used Imports,Non electric,189
2008,October,Kildare,Used Imports,Non electric,231
2008,November,Kildare,Used Imports,Non electric,157
2008,December,Kildare,Used Imports,Non electric,125
2008,January,Kildare,New Irish Registrations,Hybrid,24
2008,February,Kildare,New Irish Registrations,Hybrid,8
2008,March,Kildare,New Irish Registrations,Hybrid,7
2008,April,Kildare,New Irish Registrations,Hybrid,6
2008,May,Kildare,New Irish Registrations,Hybrid,4
2008,June,Kildare,New Irish Registrations,Hybrid,2
2008,July,Kildare,New Irish Registrations,Hybrid,10
2008,August,Kildare,New Irish Registrations,Hybrid,1
2008,September,Kildare,New Irish Registrations,Hybrid,2
2008,October,Kildare,New Irish Registrations,Hybrid,1
2008,January,Kildare,Used Imports,Hybrid,2
2008,April,Kildare,Used Imports,Hybrid,1
2008,June,Kildare,Used Imports,Hybrid,1
2008,July,Kildare,Used Imports,Hybrid,1
2008,October,Kildare,Used Imports,Hybrid,1
2008,November,Kildare,Used Imports,Hybrid,2
2008,January,Kilkenny,New Irish Registrations,Non electric,954
2008,February,Kilkenny,New Irish Registrations,Non electric,486
2008,March,Kilkenny,New Irish Registrations,Non electric,430
2008,April,Kilkenny,New Irish Registrations,Non electric,182
2008,May,Kilkenny,New Irish Registrations,Non electric,148
2008,June,Kilkenny,New Irish Registrations,Non electric,88
2008,July,Kilkenny,New Irish Registrations,Non electric,290
2008,August,Kilkenny,New Irish Registrations,Non electric,114
2008,September,Kilkenny,New Irish Registrations,Non electric,51
2008,October,Kilkenny,New Irish Registrations,Non electric,18
2008,November,Kilkenny,New Irish Registrations,Non electric,4
2008,December,Kilkenny,New Irish Registrations,Non electric,1
2008,January,Kilkenny,New Imports,Non electric,6
2008,February,Kilkenny,New Imports,Non electric,7
2008,March,Kilkenny,New Imports,Non electric,8
2008,April,Kilkenny,New Imports,Non electric,1
2008,May,Kilkenny,New Imports,Non electric,3
2008,June,Kilkenny,New Imports,Non electric,5
2008,July,Kilkenny,New Imports,Non electric,1
2008,August,Kilkenny,New Imports,Non electric,2
2008,October,Kilkenny,New Imports,Non electric,1
2008,January,Kilkenny,Used Imports,Non electric,79
2008,February,Kilkenny,Used Imports,Non electric,91
2008,March,Kilkenny,Used Imports,Non electric,86
2008,April,Kilkenny,Used Imports,Non electric,92
2008,May,Kilkenny,Used Imports,Non electric,89
2008,June,Kilkenny,Used Imports,Non electric,118
2008,July,Kilkenny,Used Imports,Non electric,141
2008,August,Kilkenny,Used Imports,Non electric,71
2008,September,Kilkenny,Used Imports,Non electric,80
2008,October,Kilkenny,Used Imports,Non electric,81
2008,November,Kilkenny,Used Imports,Non electric,70
2008,December,Kilkenny,Used Imports,Non electric,57
2008,January,Kilkenny,New Irish Registrations,Hybrid,6
2008,February,Kilkenny,New Irish Registrations,Hybrid,2
2008,March,Kilkenny,New Irish Registrations,Hybrid,3
2008,May,Kilkenny,New Irish Registrations,Hybrid,1
2008,July,Kilkenny,New Irish Registrations,Hybrid,9
2008,August,Kilkenny,New Irish Registrations,Hybrid,1
2008,February,Kilkenny,Used Imports,Hybrid,1
2008,December,Kilkenny,Used Imports,Hybrid,1
2008,January,Longford,New Irish Registrations,Non electric,297
2008,February,Longford,New Irish Registrations,Non electric,195
2008,March,Longford,New Irish Registrations,Non electric,137
2008,April,Longford,New Irish Registrations,Non electric,75
2008,May,Longford,New Irish Registrations,Non electric,56
2008,June,Longford,New Irish Registrations,Non electric,48
2008,July,Longford,New Irish Registrations,Non electric,92
2008,August,Longford,New Irish Registrations,Non electric,37
2008,September,Longford,New Irish Registrations,Non electric,14
2008,October,Longford,New Irish Registrations,Non electric,4
2008,November,Longford,New Irish Registrations,Non electric,2
2008,January,Longford,New Imports,Non electric,5
2008,February,Longford,New Imports,Non electric,3
2008,March,Longford,New Imports,Non electric,1
2008,April,Longford,New Imports,Non electric,2
2008,June,Longford,New Imports,Non electric,1
2008,July,Longford,New Imports,Non electric,2
2008,August,Longford,New Imports,Non electric,1
2008,September,Longford,New Imports,Non electric,1
2008,October,Longford,New Imports,Non electric,2
2008,January,Longford,Used Imports,Non electric,60
2008,February,Longford,Used Imports,Non electric,61
2008,March,Longford,Used Imports,Non electric,63
2008,April,Longford,Used Imports,Non electric,56
2008,May,Longford,Used Imports,Non electric,53
2008,June,Longford,Used Imports,Non electric,53
2008,July,Longford,Used Imports,Non electric,99
2008,August,Longford,Used Imports,Non electric,55
2008,September,Longford,Used Imports,Non electric,66
2008,October,Longford,Used Imports,Non electric,55
2008,November,Longford,Used Imports,Non electric,38
2008,December,Longford,Used Imports,Non electric,36
2008,January,Longford,New Irish Registrations,Hybrid,2
2008,February,Longford,New Irish Registrations,Hybrid,1
2008,March,Longford,New Irish Registrations,Hybrid,2
2008,July,Longford,New Irish Registrations,Hybrid,2
2008,January,Louth,New Irish Registrations,Non electric,"1,277"
2008,February,Louth,New Irish Registrations,Non electric,597
2008,March,Louth,New Irish Registrations,Non electric,490
2008,April,Louth,New Irish Registrations,Non electric,284
2008,May,Louth,New Irish Registrations,Non electric,223
2008,June,Louth,New Irish Registrations,Non electric,203
2008,July,Louth,New Irish Registrations,Non electric,376
2008,August,Louth,New Irish Registrations,Non electric,105
2008,September,Louth,New Irish Registrations,Non electric,77
2008,October,Louth,New Irish Registrations,Non electric,40
2008,November,Louth,New Irish Registrations,Non electric,6
2008,December,Louth,New Irish Registrations,Non electric,1
2008,January,Louth,New Imports,Non electric,6
2008,February,Louth,New Imports,Non electric,7
2008,March,Louth,New Imports,Non electric,3
2008,April,Louth,New Imports,Non electric,5
2008,May,Louth,New Imports,Non electric,5
2008,June,Louth,New Imports,Non electric,6
2008,July,Louth,New Imports,Non electric,4
2008,September,Louth,New Imports,Non electric,4
2008,October,Louth,New Imports,Non electric,2
2008,November,Louth,New Imports,Non electric,1
2008,December,Louth,New Imports,Non electric,1
2008,January,Louth,Used Imports,Non electric,183
2008,February,Louth,Used Imports,Non electric,228
2008,March,Louth,Used Imports,Non electric,193
2008,April,Louth,Used Imports,Non electric,191
2008,May,Louth,Used Imports,Non electric,184
2008,June,Louth,Used Imports,Non electric,229
2008,July,Louth,Used Imports,Non electric,260
2008,August,Louth,Used Imports,Non electric,156
2008,September,Louth,Used Imports,Non electric,190
2008,October,Louth,Used Imports,Non electric,185
2008,November,Louth,Used Imports,Non electric,143
2008,December,Louth,Used Imports,Non electric,104
2008,August,Louth,Used Imports,Electric,1
2008,January,Louth,New Irish Registrations,Hybrid,9
2008,February,Louth,New Irish Registrations,Hybrid,1
2008,March,Louth,New Irish Registrations,Hybrid,3
2008,April,Louth,New Irish Registrations,Hybrid,1
2008,May,Louth,New Irish Registrations,Hybrid,1
2008,July,Louth,New Irish Registrations,Hybrid,4
2008,August,Louth,New Irish Registrations,Hybrid,2
2008,April,Louth,New Imports,Hybrid,1
2008,October,Louth,Used Imports,Hybrid,1
2008,January,Laois,New Irish Registrations,Non electric,788
2008,February,Laois,New Irish Registrations,Non electric,388
2008,March,Laois,New Irish Registrations,Non electric,349
2008,April,Laois,New Irish Registrations,Non electric,201
2008,May,Laois,New Irish Registrations,Non electric,117
2008,June,Laois,New Irish Registrations,Non electric,95
2008,July,Laois,New Irish Registrations,Non electric,223
2008,August,Laois,New Irish Registrations,Non electric,68
2008,September,Laois,New Irish Registrations,Non electric,33
2008,October,Laois,New Irish Registrations,Non electric,11
2008,November,Laois,New Irish Registrations,Non electric,4
2008,January,Laois,New Imports,Non electric,6
2008,February,Laois,New Imports,Non electric,1
2008,March,Laois,New Imports,Non electric,2
2008,April,Laois,New Imports,Non electric,1
2008,May,Laois,New Imports,Non electric,5
2008,June,Laois,New Imports,Non electric,1
2008,July,Laois,New Imports,Non electric,2
2008,August,Laois,New Imports,Non electric,1
2008,September,Laois,New Imports,Non electric,1
2008,October,Laois,New Imports,Non electric,1
2008,November,Laois,New Imports,Non electric,1
2008,January,Laois,Used Imports,Non electric,98
2008,February,Laois,Used Imports,Non electric,92
2008,March,Laois,Used Imports,Non electric,62
2008,April,Laois,Used Imports,Non electric,76
2008,May,Laois,Used Imports,Non electric,71
2008,June,Laois,Used Imports,Non electric,95
2008,July,Laois,Used Imports,Non electric,98
2008,August,Laois,Used Imports,Non electric,70
2008,September,Laois,Used Imports,Non electric,79
2008,October,Laois,Used Imports,Non electric,61
2008,November,Laois,Used Imports,Non electric,59
2008,December,Laois,Used Imports,Non electric,37
2008,January,Laois,New Irish Registrations,Hybrid,4
2008,February,Laois,New Irish Registrations,Hybrid,4
2008,March,Laois,New Irish Registrations,Hybrid,1
2008,July,Laois,New Irish Registrations,Hybrid,2
2008,September,Laois,New Irish Registrations,Hybrid,3
2008,June,Laois,Used Imports,Hybrid,1
2008,January,Meath,New Irish Registrations,Non electric,"1,885"
2008,February,Meath,New Irish Registrations,Non electric,940
2008,March,Meath,New Irish Registrations,Non electric,686
2008,April,Meath,New Irish Registrations,Non electric,447
2008,May,Meath,New Irish Registrations,Non electric,307
2008,June,Meath,New Irish Registrations,Non electric,198
2008,July,Meath,New Irish Registrations,Non electric,625
2008,August,Meath,New Irish Registrations,Non electric,175
2008,September,Meath,New Irish Registrations,Non electric,94
2008,October,Meath,New Irish Registrations,Non electric,47
2008,November,Meath,New Irish Registrations,Non electric,11
2008,December,Meath,New Irish Registrations,Non electric,2
2008,January,Meath,New Imports,Non electric,7
2008,February,Meath,New Imports,Non electric,9
2008,March,Meath,New Imports,Non electric,3
2008,April,Meath,New Imports,Non electric,10
2008,May,Meath,New Imports,Non electric,5
2008,June,Meath,New Imports,Non electric,10
2008,July,Meath,New Imports,Non electric,8
2008,August,Meath,New Imports,Non electric,7
2008,September,Meath,New Imports,Non electric,2
2008,October,Meath,New Imports,Non electric,4
2008,November,Meath,New Imports,Non electric,2
2008,December,Meath,New Imports,Non electric,1
2008,January,Meath,Used Imports,Non electric,212
2008,February,Meath,Used Imports,Non electric,246
2008,March,Meath,Used Imports,Non electric,193
2008,April,Meath,Used Imports,Non electric,253
2008,May,Meath,Used Imports,Non electric,229
2008,June,Meath,Used Imports,Non electric,276
2008,July,Meath,Used Imports,Non electric,304
2008,August,Meath,Used Imports,Non electric,194
2008,September,Meath,Used Imports,Non electric,219
2008,October,Meath,Used Imports,Non electric,201
2008,November,Meath,Used Imports,Non electric,169
2008,December,Meath,Used Imports,Non electric,105
2008,January,Meath,New Irish Registrations,Hybrid,11
2008,February,Meath,New Irish Registrations,Hybrid,4
2008,March,Meath,New Irish Registrations,Hybrid,2
2008,April,Meath,New Irish Registrations,Hybrid,5
2008,May,Meath,New Irish Registrations,Hybrid,2
2008,July,Meath,New Irish Registrations,Hybrid,7
2008,August,Meath,New Irish Registrations,Hybrid,1
2008,September,Meath,New Irish Registrations,Hybrid,1
2008,January,Meath,Used Imports,Hybrid,1
2008,June,Meath,Used Imports,Hybrid,2
2008,January,Offaly,New Irish Registrations,Non electric,782
2008,February,Offaly,New Irish Registrations,Non electric,445
2008,March,Offaly,New Irish Registrations,Non electric,285
2008,April,Offaly,New Irish Registrations,Non electric,150
2008,May,Offaly,New Irish Registrations,Non electric,167
2008,June,Offaly,New Irish Registrations,Non electric,80
2008,July,Offaly,New Irish Registrations,Non electric,213
2008,August,Offaly,New Irish Registrations,Non electric,64
2008,September,Offaly,New Irish Registrations,Non electric,45
2008,October,Offaly,New Irish Registrations,Non electric,19
2008,November,Offaly,New Irish Registrations,Non electric,3
2008,January,Offaly,New Imports,Non electric,5
2008,February,Offaly,New Imports,Non electric,2
2008,March,Offaly,New Imports,Non electric,4
2008,April,Offaly,New Imports,Non electric,2
2008,May,Offaly,New Imports,Non electric,1
2008,June,Offaly,New Imports,Non electric,3
2008,July,Offaly,New Imports,Non electric,3
2008,August,Offaly,New Imports,Non electric,1
2008,November,Offaly,New Imports,Non electric,2
2008,January,Offaly,Used Imports,Non electric,71
2008,February,Offaly,Used Imports,Non electric,69
2008,March,Offaly,Used Imports,Non electric,80
2008,April,Offaly,Used Imports,Non electric,70
2008,May,Offaly,Used Imports,Non electric,71
2008,June,Offaly,Used Imports,Non electric,75
2008,July,Offaly,Used Imports,Non electric,110
2008,August,Offaly,Used Imports,Non electric,67
2008,September,Offaly,Used Imports,Non electric,74
2008,October,Offaly,Used Imports,Non electric,86
2008,November,Offaly,Used Imports,Non electric,50
2008,December,Offaly,Used Imports,Non electric,32
2008,January,Offaly,New Irish Registrations,Hybrid,4
2008,February,Offaly,New Irish Registrations,Hybrid,1
2008,March,Offaly,New Irish Registrations,Hybrid,3
2008,April,Offaly,New Irish Registrations,Hybrid,1
2008,July,Offaly,New Irish Registrations,Hybrid,5
2008,September,Offaly,New Irish Registrations,Hybrid,1
2008,January,Offaly,Used Imports,Hybrid,1
2008,February,Offaly,Used Imports,Hybrid,1
2008,October,Offaly,Used Imports,Hybrid,1
2008,January,Westmeath,New Irish Registrations,Non electric,789
2008,February,Westmeath,New Irish Registrations,Non electric,424
2008,March,Westmeath,New Irish Registrations,Non electric,330
2008,April,Westmeath,New Irish Registrations,Non electric,254
2008,May,Westmeath,New Irish Registrations,Non electric,126
2008,June,Westmeath,New Irish Registrations,Non electric,117
2008,July,Westmeath,New Irish Registrations,Non electric,240
2008,August,Westmeath,New Irish Registrations,Non electric,77
2008,September,Westmeath,New Irish Registrations,Non electric,53
2008,October,Westmeath,New Irish Registrations,Non electric,17
2008,November,Westmeath,New Irish Registrations,Non electric,3
2008,January,Westmeath,New Imports,Non electric,3
2008,February,Westmeath,New Imports,Non electric,1
2008,April,Westmeath,New Imports,Non electric,2
2008,May,Westmeath,New Imports,Non electric,4
2008,June,Westmeath,New Imports,Non electric,2
2008,July,Westmeath,New Imports,Non electric,2
2008,August,Westmeath,New Imports,Non electric,2
2008,September,Westmeath,New Imports,Non electric,1
2008,October,Westmeath,New Imports,Non electric,2
2008,November,Westmeath,New Imports,Non electric,1
2008,January,Westmeath,Used Imports,Non electric,117
2008,February,Westmeath,Used Imports,Non electric,101
2008,March,Westmeath,Used Imports,Non electric,102
2008,April,Westmeath,Used Imports,Non electric,108
2008,May,Westmeath,Used Imports,Non electric,112
2008,June,Westmeath,Used Imports,Non electric,122
2008,July,Westmeath,Used Imports,Non electric,145
2008,August,Westmeath,Used Imports,Non electric,105
2008,September,Westmeath,Used Imports,Non electric,112
2008,October,Westmeath,Used Imports,Non electric,101
2008,November,Westmeath,Used Imports,Non electric,87
2008,December,Westmeath,Used Imports,Non electric,53
2008,January,Westmeath,New Imports,Electric,1
2008,January,Westmeath,New Irish Registrations,Hybrid,3
2008,February,Westmeath,New Irish Registrations,Hybrid,1
2008,March,Westmeath,New Irish Registrations,Hybrid,1
2008,April,Westmeath,New Irish Registrations,Hybrid,2
2008,May,Westmeath,New Irish Registrations,Hybrid,2
2008,July,Westmeath,New Irish Registrations,Hybrid,1
2008,August,Westmeath,New Irish Registrations,Hybrid,3
2008,September,Westmeath,New Irish Registrations,Hybrid,1
2008,July,Westmeath,New Imports,Hybrid,1
2008,August,Westmeath,Used Imports,Hybrid,1
2008,October,Westmeath,Used Imports,Hybrid,1
2008,January,Wicklow,New Irish Registrations,Non electric,"1,304"
2008,February,Wicklow,New Irish Registrations,Non electric,644
2008,March,Wicklow,New Irish Registrations,Non electric,543
2008,April,Wicklow,New Irish Registrations,Non electric,328
2008,May,Wicklow,New Irish Registrations,Non electric,207
2008,June,Wicklow,New Irish Registrations,Non electric,133
2008,July,Wicklow,New Irish Registrations,Non electric,371
2008,August,Wicklow,New Irish Registrations,Non electric,125
2008,September,Wicklow,New Irish Registrations,Non electric,80
2008,October,Wicklow,New Irish Registrations,Non electric,35
2008,November,Wicklow,New Irish Registrations,Non electric,10
2008,December,Wicklow,New Irish Registrations,Non electric,1
2008,January,Wicklow,New Imports,Non electric,10
2008,February,Wicklow,New Imports,Non electric,10
2008,March,Wicklow,New Imports,Non electric,9
2008,April,Wicklow,New Imports,Non electric,7
2008,May,Wicklow,New Imports,Non electric,1
2008,June,Wicklow,New Imports,Non electric,3
2008,July,Wicklow,New Imports,Non electric,7
2008,August,Wicklow,New Imports,Non electric,1
2008,September,Wicklow,New Imports,Non electric,2
2008,October,Wicklow,New Imports,Non electric,1
2008,January,Wicklow,Used Imports,Non electric,129
2008,February,Wicklow,Used Imports,Non electric,151
2008,March,Wicklow,Used Imports,Non electric,123
2008,April,Wicklow,Used Imports,Non electric,158
2008,May,Wicklow,Used Imports,Non electric,159
2008,June,Wicklow,Used Imports,Non electric,225
2008,July,Wicklow,Used Imports,Non electric,158
2008,August,Wicklow,Used Imports,Non electric,111
2008,September,Wicklow,Used Imports,Non electric,107
2008,October,Wicklow,Used Imports,Non electric,105
2008,November,Wicklow,Used Imports,Non electric,85
2008,December,Wicklow,Used Imports,Non electric,79
2008,January,Wicklow,New Irish Registrations,Electric,129
2008,February,Wicklow,New Irish Registrations,Electric,151
2008,January,Wicklow,New Irish Registrations,Hybrid,11
2008,February,Wicklow,New Irish Registrations,Hybrid,5
2008,March,Wicklow,New Irish Registrations,Hybrid,8
2008,April,Wicklow,New Irish Registrations,Hybrid,3
2008,May,Wicklow,New Irish Registrations,Hybrid,3
2008,June,Wicklow,New Irish Registrations,Hybrid,2
2008,July,Wicklow,New Irish Registrations,Hybrid,9
2008,August,Wicklow,New Irish Registrations,Hybrid,2
2008,September,Wicklow,New Irish Registrations,Hybrid,2
2008,June,Wicklow,New Imports,Hybrid,1
2008,January,Wicklow,Used Imports,Hybrid,1
2008,May,Wicklow,Used Imports,Hybrid,3
2008,June,Wicklow,Used Imports,Hybrid,1
2008,August,Wicklow,Used Imports,Hybrid,1
2008,October,Wicklow,Used Imports,Hybrid,1
2008,November,Wicklow,Used Imports,Hybrid,1
2008,January,Wexford,New Irish Registrations,Non electric,"1,645"
2008,February,Wexford,New Irish Registrations,Non electric,663
2008,March,Wexford,New Irish Registrations,Non electric,536
2008,April,Wexford,New Irish Registrations,Non electric,364
2008,May,Wexford,New Irish Registrations,Non electric,241
2008,June,Wexford,New Irish Registrations,Non electric,140
2008,July,Wexford,New Irish Registrations,Non electric,425
2008,August,Wexford,New Irish Registrations,Non electric,147
2008,September,Wexford,New Irish Registrations,Non electric,58
2008,October,Wexford,New Irish Registrations,Non electric,44
2008,November,Wexford,New Irish Registrations,Non electric,7
2008,January,Wexford,New Imports,Non electric,11
2008,February,Wexford,New Imports,Non electric,8
2008,March,Wexford,New Imports,Non electric,2
2008,May,Wexford,New Imports,Non electric,7
2008,June,Wexford,New Imports,Non electric,3
2008,July,Wexford,New Imports,Non electric,3
2008,August,Wexford,New Imports,Non electric,6
2008,September,Wexford,New Imports,Non electric,4
2008,October,Wexford,New Imports,Non electric,2
2008,January,Wexford,Used Imports,Non electric,142
2008,February,Wexford,Used Imports,Non electric,122
2008,March,Wexford,Used Imports,Non electric,131
2008,April,Wexford,Used Imports,Non electric,148
2008,May,Wexford,Used Imports,Non electric,138
2008,June,Wexford,Used Imports,Non electric,173
2008,July,Wexford,Used Imports,Non electric,189
2008,August,Wexford,Used Imports,Non electric,111
2008,September,Wexford,Used Imports,Non electric,145
2008,October,Wexford,Used Imports,Non electric,122
2008,November,Wexford,Used Imports,Non electric,92
2008,December,Wexford,Used Imports,Non electric,76
2008,January,Wexford,New Irish Registrations,Hybrid,12
2008,February,Wexford,New Irish Registrations,Hybrid,6
2008,March,Wexford,New Irish Registrations,Hybrid,4
2008,April,Wexford,New Irish Registrations,Hybrid,3
2008,May,Wexford,New Irish Registrations,Hybrid,1
2008,June,Wexford,New Irish Registrations,Hybrid,2
2008,July,Wexford,New Irish Registrations,Hybrid,10
2008,August,Wexford,New Irish Registrations,Hybrid,2
2008,September,Wexford,New Irish Registrations,Hybrid,1
2008,February,Wexford,Used Imports,Hybrid,1
2008,June,Wexford,Used Imports,Hybrid,1
2008,October,Wexford,Used Imports,Hybrid,1
2008,January,Cork,New Irish Registrations,Non electric,"5,997"
2008,February,Cork,New Irish Registrations,Non electric,"2,898"
2008,March,Cork,New Irish Registrations,Non electric,"2,276"
2008,April,Cork,New Irish Registrations,Non electric,"1,337"
2008,May,Cork,New Irish Registrations,Non electric,"1,124"
2008,June,Cork,New Irish Registrations,Non electric,822
2008,July,Cork,New Irish Registrations,Non electric,"1,712"
2008,August,Cork,New Irish Registrations,Non electric,551
2008,September,Cork,New Irish Registrations,Non electric,408
2008,October,Cork,New Irish Registrations,Non electric,155
2008,November,Cork,New Irish Registrations,Non electric,46
2008,December,Cork,New Irish Registrations,Non electric,18
2008,January,Cork,New Imports,Non electric,18
2008,February,Cork,New Imports,Non electric,18
2008,March,Cork,New Imports,Non electric,12
2008,April,Cork,New Imports,Non electric,27
2008,May,Cork,New Imports,Non electric,15
2008,June,Cork,New Imports,Non electric,10
2008,July,Cork,New Imports,Non electric,7
2008,August,Cork,New Imports,Non electric,9
2008,September,Cork,New Imports,Non electric,5
2008,October,Cork,New Imports,Non electric,8
2008,November,Cork,New Imports,Non electric,3
2008,December,Cork,New Imports,Non electric,4
2008,January,Cork,Used Imports,Non electric,499
2008,February,Cork,Used Imports,Non electric,521
2008,March,Cork,Used Imports,Non electric,473
2008,April,Cork,Used Imports,Non electric,531
2008,May,Cork,Used Imports,Non electric,507
2008,June,Cork,Used Imports,Non electric,723
2008,July,Cork,Used Imports,Non electric,662
2008,August,Cork,Used Imports,Non electric,493
2008,September,Cork,Used Imports,Non electric,492
2008,October,Cork,Used Imports,Non electric,492
2008,November,Cork,Used Imports,Non electric,378
2008,December,Cork,Used Imports,Non electric,261
2008,January,Cork,New Irish Registrations,Hybrid,59
2008,February,Cork,New Irish Registrations,Hybrid,27
2008,March,Cork,New Irish Registrations,Hybrid,13
2008,April,Cork,New Irish Registrations,Hybrid,17
2008,May,Cork,New Irish Registrations,Hybrid,3
2008,June,Cork,New Irish Registrations,Hybrid,7
2008,July,Cork,New Irish Registrations,Hybrid,21
2008,August,Cork,New Irish Registrations,Hybrid,5
2008,September,Cork,New Irish Registrations,Hybrid,2
2008,October,Cork,New Irish Registrations,Hybrid,1
2008,June,Cork,New Imports,Hybrid,2
2008,January,Cork,Used Imports,Hybrid,1
2008,February,Cork,Used Imports,Hybrid,2
2008,April,Cork,Used Imports,Hybrid,1
2008,May,Cork,Used Imports,Hybrid,3
2008,June,Cork,Used Imports,Hybrid,2
2008,July,Cork,Used Imports,Hybrid,2
2008,August,Cork,Used Imports,Hybrid,4
2008,September,Cork,Used Imports,Hybrid,1
2008,October,Cork,Used Imports,Hybrid,1
2008,January,Clare,New Irish Registrations,Non electric,1
2008,February,Clare,New Irish Registrations,Non electric,2
2008,April,Clare,New Irish Registrations,Non electric,1
2008,May,Clare,New Irish Registrations,Non electric,3
2008,June,Clare,New Irish Registrations,Non electric,2
2008,July,Clare,New Irish Registrations,Non electric,2
2008,August,Clare,New Irish Registrations,Non electric,4
2008,September,Clare,New Irish Registrations,Non electric,1
2008,October,Clare,New Irish Registrations,Non electric,1
2008,November,Clare,New Irish Registrations,Non electric,9
2008,December,Clare,New Irish Registrations,Non electric,3
2008,January,Clare,New Imports,Non electric,6
2008,February,Clare,New Imports,Non electric,3
2008,March,Clare,New Imports,Non electric,2
2008,April,Clare,New Imports,Non electric,3
2008,May,Clare,New Imports,Non electric,2
2008,June,Clare,New Imports,Non electric,1
2008,July,Clare,New Imports,Non electric,6
2008,August,Clare,New Imports,Non electric,2
2008,September,Clare,New Imports,Non electric,2
2008,October,Clare,New Imports,Non electric,1
2008,January,Clare,Used Imports,Non electric,158
2008,February,Clare,Used Imports,Non electric,167
2008,March,Clare,Used Imports,Non electric,160
2008,April,Clare,Used Imports,Non electric,152
2008,May,Clare,Used Imports,Non electric,170
2008,June,Clare,Used Imports,Non electric,237
2008,July,Clare,Used Imports,Non electric,208
2008,August,Clare,Used Imports,Non electric,152
2008,September,Clare,Used Imports,Non electric,150
2008,October,Clare,Used Imports,Non electric,138
2008,November,Clare,Used Imports,Non electric,133
2008,December,Clare,Used Imports,Non electric,105
2008,January,Clare,New Irish Registrations,Hybrid,9
2008,February,Clare,New Irish Registrations,Hybrid,2
2008,March,Clare,New Irish Registrations,Hybrid,4
2008,April,Clare,New Irish Registrations,Hybrid,1
2008,May,Clare,New Irish Registrations,Hybrid,2
2008,July,Clare,New Irish Registrations,Hybrid,2
2008,September,Clare,New Irish Registrations,Hybrid,2
2008,October,Clare,New Irish Registrations,Hybrid,1
2008,January,Clare,Used Imports,Hybrid,1
2008,March,Clare,Used Imports,Hybrid,1
2008,June,Clare,Used Imports,Hybrid,1
2008,August,Clare,Used Imports,Hybrid,2
2008,January,Kerry,New Irish Registrations,Non electric,"1,200"
2008,February,Kerry,New Irish Registrations,Non electric,515
2008,March,Kerry,New Irish Registrations,Non electric,470
2008,April,Kerry,New Irish Registrations,Non electric,245
2008,May,Kerry,New Irish Registrations,Non electric,221
2008,June,Kerry,New Irish Registrations,Non electric,154
2008,July,Kerry,New Irish Registrations,Non electric,323
2008,August,Kerry,New Irish Registrations,Non electric,100
2008,September,Kerry,New Irish Registrations,Non electric,62
2008,October,Kerry,New Irish Registrations,Non electric,20
2008,November,Kerry,New Irish Registrations,Non electric,5
2008,December,Kerry,New Irish Registrations,Non electric,2
2008,January,Kerry,New Imports,Non electric,2
2008,February,Kerry,New Imports,Non electric,1
2008,March,Kerry,New Imports,Non electric,4
2008,April,Kerry,New Imports,Non electric,3
2008,May,Kerry,New Imports,Non electric,1
2008,June,Kerry,New Imports,Non electric,2
2008,July,Kerry,New Imports,Non electric,3
2008,August,Kerry,New Imports,Non electric,3
2008,September,Kerry,New Imports,Non electric,2
2008,December,Kerry,New Imports,Non electric,2
2008,January,Kerry,Used Imports,Non electric,140
2008,February,Kerry,Used Imports,Non electric,130
2008,March,Kerry,Used Imports,Non electric,134
2008,April,Kerry,Used Imports,Non electric,131
2008,May,Kerry,Used Imports,Non electric,136
2008,June,Kerry,Used Imports,Non electric,190
2008,July,Kerry,Used Imports,Non electric,152
2008,August,Kerry,Used Imports,Non electric,101
2008,September,Kerry,Used Imports,Non electric,142
2008,October,Kerry,Used Imports,Non electric,126
2008,November,Kerry,Used Imports,Non electric,96
2008,December,Kerry,Used Imports,Non electric,77
2008,January,Kerry,New Irish Registrations,Hybrid,3
2008,February,Kerry,New Irish Registrations,Hybrid,2
2008,March,Kerry,New Irish Registrations,Hybrid,2
2008,May,Kerry,New Irish Registrations,Hybrid,1
2008,July,Kerry,New Irish Registrations,Hybrid,2
2008,October,Kerry,New Irish Registrations,Hybrid,1
2008,June,Kerry,Used Imports,Hybrid,3
2008,January,Limerick,New Irish Registrations,Non electric,543
2008,February,Limerick,New Irish Registrations,Non electric,352
2008,March,Limerick,New Irish Registrations,Non electric,329
2008,April,Limerick,New Irish Registrations,Non electric,213
2008,May,Limerick,New Irish Registrations,Non electric,163
2008,June,Limerick,New Irish Registrations,Non electric,109
2008,July,Limerick,New Irish Registrations,Non electric,154
2008,August,Limerick,New Irish Registrations,Non electric,51
2008,September,Limerick,New Irish Registrations,Non electric,28
2008,October,Limerick,New Irish Registrations,Non electric,17
2008,November,Limerick,New Irish Registrations,Non electric,5
2008,December,Limerick,New Irish Registrations,Non electric,3
2008,January,Limerick,New Imports,Non electric,1
2008,March,Limerick,New Imports,Non electric,2
2008,April,Limerick,New Imports,Non electric,2
2008,July,Limerick,New Imports,Non electric,1
2008,January,Limerick,Used Imports,Non electric,32
2008,February,Limerick,Used Imports,Non electric,29
2008,March,Limerick,Used Imports,Non electric,39
2008,April,Limerick,Used Imports,Non electric,41
2008,May,Limerick,Used Imports,Non electric,33
2008,June,Limerick,Used Imports,Non electric,44
2008,July,Limerick,Used Imports,Non electric,50
2008,August,Limerick,Used Imports,Non electric,36
2008,September,Limerick,Used Imports,Non electric,23
2008,October,Limerick,Used Imports,Non electric,19
2008,November,Limerick,Used Imports,Non electric,28
2008,December,Limerick,Used Imports,Non electric,17
2008,January,Limerick,New Irish Registrations,Hybrid,9
2008,March,Limerick,New Irish Registrations,Hybrid,2
2008,July,Limerick,New Irish Registrations,Hybrid,3
2008,March,Limerick,Used Imports,Hybrid,1
2008,April,Limerick,Used Imports,Hybrid,1
2008,January,Waterford,New Irish Registrations,Non electric,675
2008,February,Waterford,New Irish Registrations,Non electric,389
2008,March,Waterford,New Irish Registrations,Non electric,381
2008,April,Waterford,New Irish Registrations,Non electric,277
2008,May,Waterford,New Irish Registrations,Non electric,207
2008,June,Waterford,New Irish Registrations,Non electric,106
2008,July,Waterford,New Irish Registrations,Non electric,262
2008,August,Waterford,New Irish Registrations,Non electric,44
2008,September,Waterford,New Irish Registrations,Non electric,23
2008,October,Waterford,New Irish Registrations,Non electric,10
2008,November,Waterford,New Irish Registrations,Non electric,4
2008,December,Waterford,New Irish Registrations,Non electric,2
2008,January,Waterford,New Imports,Non electric,4
2008,February,Waterford,New Imports,Non electric,3
2008,April,Waterford,New Imports,Non electric,1
2008,May,Waterford,New Imports,Non electric,2
2008,June,Waterford,New Imports,Non electric,1
2008,July,Waterford,New Imports,Non electric,1
2008,September,Waterford,New Imports,Non electric,1
2008,January,Waterford,Used Imports,Non electric,27
2008,February,Waterford,Used Imports,Non electric,25
2008,March,Waterford,Used Imports,Non electric,39
2008,April,Waterford,Used Imports,Non electric,40
2008,May,Waterford,Used Imports,Non electric,41
2008,June,Waterford,Used Imports,Non electric,33
2008,July,Waterford,Used Imports,Non electric,26
2008,August,Waterford,Used Imports,Non electric,26
2008,September,Waterford,Used Imports,Non electric,32
2008,October,Waterford,Used Imports,Non electric,29
2008,November,Waterford,Used Imports,Non electric,15
2008,December,Waterford,Used Imports,Non electric,17
2008,January,Waterford,New Irish Registrations,Hybrid,3
2008,February,Waterford,New Irish Registrations,Hybrid,2
2008,March,Waterford,New Irish Registrations,Hybrid,1
2008,May,Waterford,New Irish Registrations,Hybrid,1
2008,June,Waterford,New Irish Registrations,Hybrid,1
2008,July,Waterford,New Irish Registrations,Hybrid,6
2008,August,Waterford,New Irish Registrations,Hybrid,1
2008,June,Waterford,Used Imports,Hybrid,1
2008,September,Waterford,Used Imports,Hybrid,1
2008,January,Cavan,New Irish Registrations,Non electric,599
2008,February,Cavan,New Irish Registrations,Non electric,348
2008,March,Cavan,New Irish Registrations,Non electric,307
2008,April,Cavan,New Irish Registrations,Non electric,132
2008,May,Cavan,New Irish Registrations,Non electric,103
2008,June,Cavan,New Irish Registrations,Non electric,57
2008,July,Cavan,New Irish Registrations,Non electric,158
2008,August,Cavan,New Irish Registrations,Non electric,59
2008,September,Cavan,New Irish Registrations,Non electric,32
2008,October,Cavan,New Irish Registrations,Non electric,15
2008,November,Cavan,New Irish Registrations,Non electric,5
2008,December,Cavan,New Irish Registrations,Non electric,1
2008,January,Cavan,New Imports,Non electric,4
2008,February,Cavan,New Imports,Non electric,4
2008,March,Cavan,New Imports,Non electric,2
2008,April,Cavan,New Imports,Non electric,7
2008,May,Cavan,New Imports,Non electric,7
2008,June,Cavan,New Imports,Non electric,2
2008,July,Cavan,New Imports,Non electric,3
2008,September,Cavan,New Imports,Non electric,1
2008,October,Cavan,New Imports,Non electric,1
2008,November,Cavan,New Imports,Non electric,1
2008,January,Cavan,Used Imports,Non electric,91
2008,February,Cavan,Used Imports,Non electric,117
2008,March,Cavan,Used Imports,Non electric,75
2008,April,Cavan,Used Imports,Non electric,89
2008,May,Cavan,Used Imports,Non electric,96
2008,June,Cavan,Used Imports,Non electric,126
2008,July,Cavan,Used Imports,Non electric,182
2008,August,Cavan,Used Imports,Non electric,115
2008,September,Cavan,Used Imports,Non electric,102
2008,October,Cavan,Used Imports,Non electric,103
2008,November,Cavan,Used Imports,Non electric,70
2008,December,Cavan,Used Imports,Non electric,49
2008,February,Cavan,New Irish Registrations,Hybrid,1
2008,May,Cavan,New Irish Registrations,Hybrid,1
2008,October,Cavan,New Irish Registrations,Hybrid,1
2008,August,Cavan,New Imports,Hybrid,1
2008,January,Donegal,New Irish Registrations,Non electric,"1,099"
2008,February,Donegal,New Irish Registrations,Non electric,505
2008,March,Donegal,New Irish Registrations,Non electric,410
2008,April,Donegal,New Irish Registrations,Non electric,288
2008,May,Donegal,New Irish Registrations,Non electric,164
2008,June,Donegal,New Irish Registrations,Non electric,115
2008,July,Donegal,New Irish Registrations,Non electric,347
2008,August,Donegal,New Irish Registrations,Non electric,114
2008,September,Donegal,New Irish Registrations,Non electric,85
2008,October,Donegal,New Irish Registrations,Non electric,32
2008,November,Donegal,New Irish Registrations,Non electric,14
2008,December,Donegal,New Irish Registrations,Non electric,2
2008,January,Donegal,New Imports,Non electric,1
2008,February,Donegal,New Imports,Non electric,13
2008,March,Donegal,New Imports,Non electric,11
2008,April,Donegal,New Imports,Non electric,10
2008,May,Donegal,New Imports,Non electric,6
2008,June,Donegal,New Imports,Non electric,5
2008,July,Donegal,New Imports,Non electric,13
2008,August,Donegal,New Imports,Non electric,12
2008,September,Donegal,New Imports,Non electric,10
2008,October,Donegal,New Imports,Non electric,10
2008,November,Donegal,New Imports,Non electric,4
2008,December,Donegal,New Imports,Non electric,3
2008,January,Donegal,Used Imports,Non electric,477
2008,February,Donegal,Used Imports,Non electric,467
2008,March,Donegal,Used Imports,Non electric,368
2008,April,Donegal,Used Imports,Non electric,408
2008,May,Donegal,Used Imports,Non electric,398
2008,June,Donegal,Used Imports,Non electric,546
2008,July,Donegal,Used Imports,Non electric,608
2008,August,Donegal,Used Imports,Non electric,347
2008,September,Donegal,Used Imports,Non electric,373
2008,October,Donegal,Used Imports,Non electric,394
2008,November,Donegal,Used Imports,Non electric,305
2008,December,Donegal,Used Imports,Non electric,183
2008,January,Donegal,New Irish Registrations,Hybrid,3
2008,February,Donegal,New Irish Registrations,Hybrid,1
2008,March,Donegal,New Irish Registrations,Hybrid,3
2008,April,Donegal,New Irish Registrations,Hybrid,2
2008,July,Donegal,New Irish Registrations,Hybrid,1
2008,October,Donegal,New Irish Registrations,Hybrid,1
2008,February,Donegal,Used Imports,Hybrid,1
2008,November,Donegal,Used Imports,Hybrid,1
2008,January,Monaghan,New Irish Registrations,Non electric,476
2008,February,Monaghan,New Irish Registrations,Non electric,237
2008,March,Monaghan,New Irish Registrations,Non electric,179
2008,April,Monaghan,New Irish Registrations,Non electric,123
2008,May,Monaghan,New Irish Registrations,Non electric,82
2008,June,Monaghan,New Irish Registrations,Non electric,77
2008,July,Monaghan,New Irish Registrations,Non electric,174
2008,August,Monaghan,New Irish Registrations,Non electric,31
2008,September,Monaghan,New Irish Registrations,Non electric,26
2008,October,Monaghan,New Irish Registrations,Non electric,13
2008,November,Monaghan,New Irish Registrations,Non electric,3
2008,January,Monaghan,New Imports,Non electric,5
2008,February,Monaghan,New Imports,Non electric,3
2008,March,Monaghan,New Imports,Non electric,3
2008,April,Monaghan,New Imports,Non electric,4
2008,May,Monaghan,New Imports,Non electric,4
2008,June,Monaghan,New Imports,Non electric,1
2008,July,Monaghan,New Imports,Non electric,9
2008,August,Monaghan,New Imports,Non electric,9
2008,September,Monaghan,New Imports,Non electric,2
2008,October,Monaghan,New Imports,Non electric,7
2008,November,Monaghan,New Imports,Non electric,2
2008,January,Monaghan,Used Imports,Non electric,109
2008,February,Monaghan,Used Imports,Non electric,108
2008,March,Monaghan,Used Imports,Non electric,100
2008,April,Monaghan,Used Imports,Non electric,97
2008,May,Monaghan,Used Imports,Non electric,106
2008,June,Monaghan,Used Imports,Non electric,109
2008,July,Monaghan,Used Imports,Non electric,262
2008,August,Monaghan,Used Imports,Non electric,109
2008,September,Monaghan,Used Imports,Non electric,124
2008,October,Monaghan,Used Imports,Non electric,96
2008,November,Monaghan,Used Imports,Non electric,83
2008,December,Monaghan,Used Imports,Non electric,44
2008,January,Monaghan,New Irish Registrations,Hybrid,1
2008,April,Monaghan,New Irish Registrations,Hybrid,3
2008,July,Monaghan,New Irish Registrations,Hybrid,1
2008,July,Monaghan,New Imports,Hybrid,1
2008,July,Monaghan,Used Imports,Hybrid,1
,,,,,
,,,,,
,,,,,
,,,,,
,,,,,
,,,,,
,,,,,
,,,,,
,,,,,
,,,,,
,,,,,
,,,,,
,,,,,
,,,,,
,,,,,
,,,,,
,,,,,
,,,,,
,,,,,
,,,,,
,,,,,
,,,,,
,,,,,
,,,,,
,,,,,
,,,,,
,,,,,
,,,,,
,,,,,
,,,,,
,,,,,
,,,,,
,,,,,
,,,,,
,,,,,
,,,,,
,,,,,
,,,,,
,,,,,
,,,,,
,,,,,
,,,,,
,,,,,
,,,,,
,,,,,
,,,,,
,,,,,
,,,,,
,,,,,
,,,,,
,,,,,
,,,,,
,,,,,
,,,,,
,,,,,
,,,,,
,,,,,
,,,,,
,,,,,
,,,,,
,,,,,
,,,,,
,,,,,
,,,,,
,,,,,
,,,,,
,,,,,
,,,,,
,,,,,
,,,,,
,,,,,
,,,,,
,,,,,
,,,,,
,,,,,
,,,,,
,,,,,
,,,,,
,,,,,
,,,,,
,,,,,
,,,,,
,,,,,
,,,,,
,,,,,
,,,,,
,,,,,
,,,,,
,,,,,
,,,,,
,,,,,
,,,,,
,,,,,
,,,,,
,,,,,
,,,,,
,,,,,
,,,,,
,,,,,
,,,,,
,,,,,
,,,,,
,,,,,
,,,,,
,,,,,
,,,,,
,,,,,
,,,,,
,,,,,
,,,,,
,,,,,
,,,,,
,,,,,
,,,,,
,,,,,
,,,,,
,,,,,
,,,,,
,,,,,
,,,,,
,,,,,
,,,,,
,,,,,
,,,,,
,,,,,
,,,,,
,,,,,
,,,,,
,,,,,
,,,,,
,,,,,
,,,,,
,,,,,
,,,,,
,,,,,
,,,,,
,,,,,
,,,,,
,,,,,
,,,,,
,,,,,
,,,,,
,,,,,
,,,,,
,,,,,
,,,,,
,,,,,
,,,,,
,,,,,
,,,,,
,,,,,
,,,,,
,,,,,
,,,,,
,,,,,
,,,,,
,,,,,
,,,,,
,,,,,
,,,,,
,,,,,
,,,,,
,,,,,
,,,,,
,,,,,
,,,,,
,,,,,
,,,,,
,,,,,
,,,,,
,,,,,
,,,,,
